{
    "global_statistics": {
        "mean": 72.94035223214286,
        "std": 90.02118235130519
    },
    "class_statistics": {
        "T-shirt/top": {
            "mean": 83.02998044217686,
            "std": 89.43848028161399,
            "min": 0.0,
            "max": 255.0,
            "median": 48.0
        },
        "Trouser": {
            "mean": 56.84085522959184,
            "std": 87.60026328776995,
            "min": 0.0,
            "max": 255.0,
            "median": 0.0
        },
        "Pullover": {
            "mean": 96.058762542517,
            "std": 91.46346636911602,
            "min": 0.0,
            "max": 255.0,
            "median": 83.0
        },
        "Dress": {
            "mean": 66.01890858843538,
            "std": 90.3260006046841,
            "min": 0.0,
            "max": 255.0,
            "median": 0.0
        },
        "Coat": {
            "mean": 98.25800552721088,
            "std": 95.95952360444913,
            "min": 0.0,
            "max": 255.0,
            "median": 87.0
        },
        "Sandal": {
            "mean": 34.86754655612245,
            "std": 67.09256263215386,
            "min": 0.0,
            "max": 255.0,
            "median": 0.0
        },
        "Shirt": {
            "mean": 84.60511989795918,
            "std": 86.5160506739172,
            "min": 0.0,
            "max": 255.0,
            "median": 62.0
        },
        "Sneaker": {
            "mean": 42.76207227891157,
            "std": 75.17057254477356,
            "min": 0.0,
            "max": 255.0,
            "median": 0.0
        },
        "Bag": {
            "mean": 90.15715284863946,
            "std": 93.14415008121136,
            "min": 0.0,
            "max": 255.0,
            "median": 62.0
        },
        "Ankle boot": {
            "mean": 76.80511840986395,
            "std": 94.48588327747882,
            "min": 0.0,
            "max": 255.0,
            "median": 0.0
        }
    }
}