{
    "pca_explained_variance_ratio": [
        0.2903922792136605,
        0.17755309978162206,
        0.06019221983168942,
        0.04957428003700571,
        0.0384765514790592,
        0.03460769317993564,
        0.023416905224209337,
        0.019054136299307217,
        0.01349843441337767,
        0.013142670917899937,
        0.009928751624045763,
        0.009132548954402266,
        0.007657925630550591,
        0.006597055757215237,
        0.006078507035238046,
        0.005898214761096263,
        0.005519342867557415,
        0.005244998330281284,
        0.004580789215550057,
        0.00455514728276652,
        0.004336835609038162,
        0.004070974598403826,
        0.0038475800217984955,
        0.0037255140084367345,
        0.003611066812409712,
        0.0035065619327725468,
        0.0033324117469631545,
        0.0031935978505746123,
        0.0030806272923427605,
        0.0029327286996394457,
        0.002756027131955352,
        0.002650619342955348,
        0.002637033618730851,
        0.002558353108103411,
        0.002462122762201837,
        0.002359012712974791,
        0.0023028991275359846,
        0.002255223527196426,
        0.002184759665429252,
        0.0020932408073242315,
        0.0020028240732768805,
        0.001957396583323362,
        0.0019468934681892184,
        0.0018278318199353861,
        0.0017535423769559943,
        0.001719261948517104,
        0.001687916883542347,
        0.001639748227901053,
        0.0016090797181989756,
        0.0015484629714236755
    ],
    "pca_components_needed_95": 1
}